Section,Item,Spec / part number,Need,Order,Notes,Flag
Motion,Stepper + driver board,"28BYJ-48 5 V (64:1) with ULN2003 board, sold as a kit",6,7,Five stations + the drum. A 10-pack is usually cheaper per unit.,
Motion,Dual-shaft gauge stepper,BKA30D-R5 (continuous 360° version),1,2,"Calendar: outer shaft = year dial, inner shaft = moon disc. Confirm both shafts spin all the way round, and measure shaft diameters and lengths, before building around it.",VERIFY BEFORE BUILDING AROUND IT
Motion,V-groove bearing,"V623ZZ, 3 × 12 × 4 mm",22,25,"12 rail pulleys, 5 arms, 1 pen pulley, 4 pen carriage. Measure the groove root radius (4.8 assumed) and V angle (90° assumed) on arrival.",VERIFY BEFORE BUILDING AROUND IT
Motion,Steel rod,"3 mm ground stainless (h6), or 1/8″ (3.175 mm) O-1 drill rod",2 × 170 mm,2 × 300 mm,"Pen guide rods, cut to 170 socket bottom to socket bottom. 4 mm and up won't seat in the V623's groove.",
Motion,Shim washer,3 × 5 × 0.5 mm (OD must be 5 mm or less),10,20,"Between the two bearings in each pulley bracket (6), and behind each pen-carriage bearing (4). A standard M3 washer rubs the bearing shields.",
Motion,Monofilament line,0.30 mm fluorocarbon (about 12 lb),about 2 m,1 spool,Not nylon: nylon absorbs moisture and wanders with humidity.,
Motion,Crimp sleeves,"Aluminium or copper, 0.6–0.8 mm ID, for 0.3 mm line",4,20,"Crimp, don't knot.",
Sensing,Hall-effect latch,"TI DRV5013, SOT-23 (DBZ) package",7,10,"Five stations + year + moon. Choose a variant that switches at a few mT, so a nearby motor's stray field can't trip it; bench-test one beside a running 28BYJ-48.",VERIFY BEFORE BUILDING AROUND IT
Sensing,Magnets,"N52 neodymium disc, 5 × 2 mm, axially magnetised",14 (7 pairs),20,"Glued into the pockets in the back of each dial, opposite poles facing the sensor.",
Sensing,Sensor boards,"SOT-23-to-DIP breakout boards (or a small custom PCB, 10 × 16 mm)",7,10,"Each carries the latch, a 10 kΩ pull-up and a 100 nF capacitor. The chip nests in a window in the faceplate.",
Electronics,Microcontroller,ESP32-DevKitC-32E (ESP32-WROOM-32E),1,2,,
Electronics,I/O expander,"MCP23017-E/SP, DIP-28",2,3,"#1 at 0x20 drives four stations; #2 at 0x21 drives M2, the drum, and reads the five station Hall latches.",
Electronics,Gauge-motor driver,"AX1201728SG quad micro-step driver, step/dir (VID6606 is equivalent) + SOIC-28 breakout",1,2,Drives the BKA30D-R5's two motors. Confirm pinout and input thresholds from its datasheet.,VERIFY BEFORE BUILDING AROUND IT
Electronics,Level shifter,"SN74AHCT245N, DIP-20",1,2,"3.3 V to 5 V for the gauge driver's step, direction and reset lines.",
Electronics,P-channel MOSFET,"AO3401A, SOT-23 (on a breakout)",1,3,PWM hold: switches the motors' 5 V. Fit it if the holding-torque test says you need it.,
Electronics,N-channel MOSFET,"2N7000, TO-92",1,5,Gate driver for the P-channel switch.,
Electronics,Power supply,"5 V 3 A regulated, 5.5 × 2.1 mm barrel plug",1,1,Peak draw about 1.5 A with every motor energised.,
Electronics,Barrel jack,"5.5 × 2.1 mm, panel or PCB mount",1,2,,
Electronics,Schottky diode,1N5819,1,5,"Between the 5 V bus and the ESP32's 5 V pin, so USB and the supply never fight.",
Electronics,Electrolytic capacitor,1000 µF 10 V,1,2,Across 5 V and GND near the ULN2003 boards.,
Electronics,Ceramic capacitors,100 nF,12,25,One at every IC and sensor board.,
Electronics,Resistors,"1/4 W: 10 kΩ (×12), 4.7 kΩ (×2), 100 Ω (×1), 100 kΩ (×1)",16,an assortment,"Hall pull-ups, MCP23017 resets, I²C pull-ups, MOSFET gate.",
Electronics,Prototype board,"Double-sided perfboard, about 70 × 90 mm",2,3,Main board; calendar board (carries the BKA30D-R5 and its two Hall latches behind the faceplate).,
Electronics,Sockets and headers,"DIP-28 (×2), DIP-20 (×1) sockets; 2.54 mm headers",,an assortment,,
Electronics,Wire and connectors,3-core 26 AWG + JST-XH 3-pin (Hall runs); hookup wire,7 Hall runs,JST-XH kit + 5 m wire,,
Fasteners,M3 × 20 + nyloc,Button or socket head,6,10,Pulley-bracket axles.,
Fasteners,M3 × 8 button head,,5,10,Arm bearing axles.,
Fasteners,M3 × 16 button head,,5,10,"Pen-pulley axle (into the carriage insert), and the 4 carriage bearing axles, which clamp the carriage's two halves.",
Fasteners,M3 hex nuts,,4,10,"Carriage bearing axles, on the rear plate.",
Fasteners,M3 × 8 pan head + nut,Head 2.4 mm tall or less,12,20,Motor ears. The dials clear the heads by 1.1 mm.,
Fasteners,M3 washers,,12,25,,
Fasteners,M3 × 4 heat-set inserts,OD about 4.6 mm,6,20,Five arms + the pen carriage.,
Fasteners,M2 × 6 + nut,,30,50,"Arm to hub, Hall boards, calendar board, index tabs, index hand.",
Fasteners,#4 × 3/4″ flat-head wood screws,,12,20,Pulley brackets.,
Fasteners,#6 × 3/4″ wood screws,,14,25,Faceplate to rails; end posts.,
Frame and materials,Pine 1 × 2,"19 × 38 mm actual, 8 ft length",1288 mm,1 (+1 for mistakes),"Two rails about 492 mm, two posts 152 mm.",
Frame and materials,Faceplate,"1.5 mm (0.063″) 5052 aluminium, laser cut, about 283 × 176 mm",1,not yet,The DXF comes from the Ruby port. Never steel: the Hall sensors look through it.,NOT YET
Frame and materials,PVC pipe,3″ Schedule 40,130 mm,a short length,The drum.,
Frame and materials,Drum shaft and bearing,7 mm steel or brass rod about 200 mm; PTFE tube or bushing; M8 washer,1 set,1 set,,
Frame and materials,Pen,"Fine fibre-tip, 0.3–0.5 mm",1,2,,
Frame and materials,Leaf spring,0.1–0.2 mm spring-steel shim strip,1,a small piece,"Pen contact force, about 0.05 N.",
Frame and materials,Pen ballast,Steel or lead shot (or tungsten putty),about 20 g,1 pack,Brings the carriage to 41 g all-up.,
Frame and materials,PLA filament,,about 300 g,1 spool if not on hand,,
Frame and materials,Clear silicone adhesive,Any small tube (RTV type),a dab,1 tube if not on hand,"Fallback only, for a station hub or calendar adapter that's loose on its shaft after the D-bore test coupon. It peels off. Not threadlocker: it barely cures against plastic.",
Frame and materials,Decal stock,"Laser-printable white vinyl sticker paper, Letter",1 sheet,1 pack,For decals_1to1.pdf.,
